name,numeric_id,id,RS0015,RS0083,RS0095,RS0109,RS0175,RS0237,RS0247,RS0255,RS0307,RS0332,RS0343,RS0384,RS0406,RS0451,RS0468,RS0548,RS0578,RS0584,RS0639,RS0707
Abi3bp,0,NM_178790,0,0,0,0,0,1,1,0,0,0,1,0,1,0,0,0,0,0,0,0
Ablim1,1,NM_001103178,0,0,0,0,1,0,0,1,0,0,0,0,0,0,0,0,1,0,0,1
Ackr3,2,NM_007722,0,0,0,1,0,0,1,0,0,0,0,1,0,0,1,0,0,0,0,0
Acp5,3,NM_007388,0,0,0,0,0,1,1,0,0,0,0,0,0,0,1,1,0,0,0,0
Acta2,4,NM_007392,0,0,0,1,1,0,0,0,0,0,0,0,0,0,1,1,0,0,0,0
Adgre1,5,NM_010130,0,0,0,0,0,0,0,1,0,0,0,1,0,0,1,1,0,0,0,0
Adm,6,NM_009627,0,1,0,0,0,1,0,0,1,1,0,0,0,0,0,0,0,0,0,0
Aebp1,7,NM_001291857,0,1,0,1,0,0,0,0,0,0,0,0,0,1,0,1,0,0,0,0
Ahnak,8,NM_009643,0,0,0,0,0,0,0,0,0,0,1,0,0,0,1,0,0,1,1,0
Ahr,9,NM_013464,0,0,0,0,1,0,0,1,0,1,1,0,0,0,0,0,0,0,0,0
Aif1,10,NM_019467,0,0,0,1,0,0,1,0,1,1,0,0,0,0,0,0,0,0,0,0
Akt1,11,NM_009652,0,1,1,0,0,0,0,0,0,0,1,1,0,0,0,0,0,0,0,0
Alox5ap,12,NM_009663,0,0,1,1,0,0,0,0,0,0,0,0,0,1,1,0,0,0,0,0
Angpt1,13,NM_001286062,0,0,0,0,1,0,0,0,0,1,0,0,0,0,1,0,0,0,0,1
Ankrd33b,14,NM_026153,0,1,0,1,0,0,0,1,0,0,0,0,1,0,0,0,0,0,0,0
Ankrd37,15,NM_001039562,0,1,1,0,0,0,0,0,0,0,0,0,1,1,0,0,0,0,0,0
Anln,16,NM_028390,0,0,1,1,0,0,0,0,0,0,0,1,1,0,0,0,0,0,0,0
Aqp1,17,NM_007472,0,1,0,0,0,0,0,0,0,0,1,0,0,1,0,0,0,0,1,0
Arg1,18,NM_007482,1,0,0,1,0,0,0,0,0,0,0,0,1,0,0,1,0,0,0,0
Arl5c,19,NM_207231,0,1,0,0,0,0,0,0,0,0,0,1,0,1,0,0,0,0,0,1
Atad2,20,NM_027435,1,0,0,0,0,0,0,0,0,0,0,0,0,1,1,0,0,0,1,0
Atp6v0d2,21,NM_175406,0,0,0,0,0,0,0,0,1,1,0,0,0,0,0,0,0,1,1,0
Atp6v1b2,22,NM_007509,0,0,0,0,1,0,0,0,1,0,0,0,0,0,0,1,0,0,1,0
Bgn,23,NM_007542,0,1,1,1,0,1,0,0,0,0,0,0,0,0,0,0,0,0,0,0
Bhlhe41,24,NM_024469,0,0,1,0,0,0,1,0,0,0,0,0,0,0,0,0,0,1,0,1
Birc5,25,NM_009689,0,1,0,0,0,0,0,0,0,0,1,0,1,0,0,0,1,0,0,0
Bnip3,26,NM_009760,1,0,0,0,0,0,1,0,0,0,0,0,0,1,0,1,0,0,0,0
C1qa,27,NM_007572,0,1,1,0,0,0,0,0,0,0,0,0,0,0,1,0,0,0,1,0
C1qb,28,NM_009777,0,1,0,0,0,0,0,1,0,0,0,1,0,0,0,0,0,0,1,0
C1qc,29,NM_007574,0,0,0,0,1,0,1,0,0,0,1,0,0,0,0,1,0,0,0,0
C4b,30,NM_009780,0,0,0,1,0,0,0,0,0,0,1,0,0,1,0,0,0,0,0,1
Camk4,31,NM_009793,0,0,0,0,0,0,0,0,0,0,0,1,1,1,0,1,0,0,0,0
Car9,32,NM_139305,1,0,0,0,0,0,1,1,0,0,0,0,1,0,0,0,0,0,0,0
Cbr2,33,NM_007621,0,0,1,0,0,0,0,0,0,1,0,1,0,0,0,0,1,0,0,0
Ccl12,34,NM_011331,1,0,0,0,0,0,0,0,1,0,0,0,1,1,0,0,0,0,0,0
Ccl17,35,NM_011332,0,0,1,0,0,0,0,1,0,0,0,0,0,0,0,0,1,0,1,0
Ccl22,36,NM_009137,0,0,0,0,0,1,0,0,1,0,0,0,0,1,0,0,1,0,0,0
Ccl5,37,NM_013653,0,1,0,1,0,0,0,0,0,0,0,0,0,0,0,0,1,1,0,0
Ccl6,38,NM_009139,0,0,1,0,0,0,0,0,1,0,0,1,0,0,0,0,0,0,1,0
Ccl8,39,NM_021443,0,0,0,0,0,0,1,0,0,1,0,0,0,0,1,0,0,1,0,0
Ccnb2,40,NM_007630,1,0,0,0,1,0,1,0,0,0,0,0,0,0,0,0,0,0,0,1
Ccr7,41,NM_007719,0,0,0,0,1,0,0,0,0,0,0,0,1,0,0,0,0,0,1,1
Cd14,42,NM_009841,1,1,0,0,0,0,0,0,1,0,0,0,0,0,0,0,1,0,0,0
Cd34,43,NM_133654,1,0,1,0,0,1,0,0,0,1,0,0,0,0,0,0,0,0,0,0
Cd3d,44,NM_013487,0,0,0,0,0,0,0,0,0,1,1,1,0,1,0,0,0,0,0,0
Cd3e,45,NM_007648,0,0,0,0,0,0,0,0,0,1,0,0,1,0,1,1,0,0,0,0
Cd3g,46,NM_009850,0,0,1,1,0,0,0,0,0,0,0,0,0,0,0,1,0,0,0,1
Cd4,47,NM_013488,0,0,0,0,1,1,1,0,1,0,0,0,0,0,0,0,0,0,0,0
Cd44,48,NM_001039151,0,0,0,0,0,1,0,0,1,0,0,0,0,0,0,1,0,0,0,1
Cd52,49,NM_013706,1,0,0,1,0,0,0,0,0,1,0,0,0,1,0,0,0,0,0,0
Cd68,50,NM_001291058,0,0,0,1,0,1,0,0,0,0,0,0,0,0,0,1,0,1,0,0
Cd86,51,NM_019388,0,0,0,0,0,0,1,0,0,1,0,0,0,0,0,1,0,0,0,1
Cd8a,52,NM_001081110,0,1,0,0,0,0,1,0,0,0,0,0,0,0,0,1,0,1,0,0
Cd8b1,53,NM_009858,1,0,1,0,0,0,0,1,0,0,0,0,0,1,0,0,0,0,0,0
Cdc20,54,NM_023223,0,1,0,1,1,0,0,0,0,0,0,0,0,0,0,0,0,0,1,0
Cdca3,55,NM_013538,1,0,0,0,0,1,0,0,0,0,0,0,0,0,1,0,1,0,0,0
Cdca8,56,NM_026560,0,0,0,0,1,0,0,1,0,0,0,0,0,0,1,0,0,0,1,0
Cdh1,57,NM_009864,1,0,0,0,1,0,0,1,1,0,0,0,0,0,0,0,0,0,0,0
Cdh2,58,NM_007664,1,0,0,0,0,1,0,0,0,0,1,0,0,0,0,1,0,0,0,0
Cdh5,59,NM_009868,0,0,0,0,0,1,0,0,0,0,0,0,0,1,0,0,0,1,1,0
Cdk1,60,NM_007659,1,0,1,0,0,0,0,0,1,0,1,0,0,0,0,0,0,0,0,0
Cenpa,61,NM_001302129,0,0,1,0,0,1,0,1,1,0,0,0,0,0,0,0,0,0,0,0
Cenpe,62,NM_173762,0,0,0,1,0,0,0,1,0,0,1,1,0,0,0,0,0,0,0,0
Cenpf,63,NM_001081363,0,0,0,0,0,0,1,1,0,0,0,0,0,0,0,0,0,1,1,0
Chil1,64,NM_007695,1,0,0,0,0,0,1,0,0,1,0,0,0,0,0,0,1,0,0,0
Ciita,65,NM_001243761,0,0,0,0,0,0,0,1,1,0,0,0,1,0,1,0,0,0,0,0
Ckap2l,66,NM_181589,0,0,1,1,0,0,0,0,0,0,1,0,0,0,0,0,0,0,1,0
Cks1b,67,NM_016904,0,0,0,1,1,0,0,0,1,0,1,0,0,0,0,0,0,0,0,0
Cks2,68,NM_025415,0,0,1,0,1,0,0,1,0,0,0,1,0,0,0,0,0,0,0,0
Clca3a2,69,NM_030601,0,0,0,0,1,0,1,0,0,0,0,1,0,0,0,0,0,1,0,0
Col12a1,70,NM_001290308,0,0,0,0,0,0,0,0,1,0,0,1,0,0,0,0,1,0,0,1
Col14a1,71,NM_181277,1,0,0,0,0,0,0,1,0,0,0,0,0,0,0,1,0,0,0,1
Col18a1,72,NM_009929,0,0,1,1,0,0,0,1,0,1,0,0,0,0,0,0,0,0,0,0
Col1a1,73,NM_007742,0,0,0,0,0,0,0,0,0,0,0,0,1,0,0,1,0,1,1,0
Col1a2,74,NM_007743,0,0,0,0,0,0,0,0,1,1,0,0,0,1,0,1,0,0,0,0
Col3a1,75,NM_009930,0,0,0,0,1,0,0,0,1,1,0,0,0,0,0,0,1,0,0,0
Col4a1,76,NM_009931,1,0,1,1,0,0,0,0,0,0,0,0,0,0,0,0,0,1,0,0
Col4a2,77,NM_009932,0,0,0,0,0,1,0,0,0,1,1,0,0,0,0,0,0,1,0,0
Col5a1,78,NM_015734,0,0,1,0,1,0,0,0,0,0,0,0,0,0,0,0,0,1,1,0
Col5a2,79,NM_007737,0,0,0,1,0,0,0,1,1,0,0,0,0,0,0,1,0,0,0,0
Col6a1,80,NM_009933,0,0,0,0,1,0,0,0,0,0,0,0,0,1,0,1,0,0,0,1
Coro1a,81,NM_009898,0,1,0,0,0,0,0,0,0,1,0,0,0,1,1,0,0,0,0,0
Cp,82,NM_007752,1,0,0,0,0,0,0,0,0,0,1,0,1,0,0,0,0,0,1,0
Crip2,83,NM_024223,1,0,0,0,0,0,1,0,1,0,0,0,0,0,0,0,0,0,1,0
Crlf1,84,NM_018827,0,0,0,0,0,0,1,1,0,0,0,1,0,1,0,0,0,0,0,0
Ctla2a,85,NM_007796,0,1,0,0,1,0,0,0,0,0,0,0,0,1,0,0,1,0,0,0
Ctsc,86,NM_009982,0,1,1,0,0,0,0,0,0,0,0,0,0,0,0,0,1,0,0,1
Ctsk,87,NM_007802,0,0,0,0,0,0,0,1,1,0,0,0,0,0,0,0,1,1,0,0
Ctss,88,NM_021281,0,0,0,1,0,0,1,0,0,0,0,0,0,1,0,0,0,1,0,0
Cxcl1,89,NM_008176,0,0,0,0,0,0,0,0,0,0,0,1,0,0,1,0,1,1,0,0
Cxcl10,90,NM_021274,0,0,1,0,0,0,1,0,0,0,0,0,1,0,0,1,0,0,0,0
Cxcl16,91,NM_023158,0,1,0,0,0,1,0,0,0,0,0,1,0,0,1,0,0,0,0,0
Cxcl2,92,NM_009140,0,0,1,0,0,1,0,0,0,0,1,0,0,1,0,0,0,0,0,0
Cxcl3,93,NM_203320,1,0,0,0,0,0,0,0,0,0,0,0,1,0,0,0,1,0,0,1
Cxcl5,94,NM_009141,0,0,0,0,1,0,1,0,0,0,0,0,0,0,0,0,1,0,1,0
Cyp51,95,NM_020010,0,0,1,0,0,0,0,0,0,0,0,1,0,1,0,0,0,1,0,0
Cytip,96,NM_139200,0,1,0,0,0,0,0,0,1,0,1,0,0,0,0,1,0,0,0,0
Dab2,97,NM_023118,0,0,0,0,0,0,0,0,0,1,1,0,0,0,1,0,1,0,0,0
Dcn,98,NM_007833,0,0,1,0,0,0,0,0,1,1,0,0,0,0,1,0,0,0,0,0
Des,99,NM_010043,1,0,0,0,0,1,0,0,0,0,0,1,0,0,0,0,0,0,1,0
Dusp2,100,NM_010090,0,0,0,0,0,0,0,1,0,0,0,0,0,1,1,0,0,0,0,1
Ebf1,101,NM_007897,0,1,0,1,0,0,0,0,1,0,0,0,0,0,1,0,0,0,0,0
Ednrb,102,NM_007904,0,0,0,0,0,0,1,1,1,0,1,0,0,0,0,0,0,0,0,0
Egfl7,103,NM_001164564,0,0,0,0,0,0,1,0,0,0,1,0,0,0,0,0,1,0,0,1
Emcn,104,NM_001163522,1,0,0,0,0,0,1,0,0,0,1,0,0,0,0,0,0,1,0,0
Enpp2,105,NM_015744,0,0,0,0,1,1,0,0,0,0,1,0,0,0,0,0,0,0,1,0
F13a1,106,NM_028784,0,0,0,0,1,0,0,0,1,0,0,0,0,0,1,0,0,1,0,0
Fabp4,107,NM_024406,0,0,0,1,0,0,0,0,0,0,0,0,0,0,1,0,1,0,0,1
Fap,108,NM_007986,0,1,0,0,1,0,0,0,0,1,0,0,1,0,0,0,0,0,0,0
Fbxo32,109,NM_026346,0,0,1,0,0,0,0,0,0,1,0,0,1,0,0,0,0,0,1,0
Fcer1g,110,NM_010185,0,0,0,0,0,0,1,0,0,0,0,0,0,0,1,0,0,0,1,1
Fcgr1,111,NM_010186,1,0,0,0,1,0,0,0,0,1,0,0,0,0,0,0,0,0,1,0
Fcgr2b,112,NM_010187,0,0,0,1,0,1,0,0,0,1,0,0,0,0,1,0,0,0,0,0
Fcgr3,113,NM_010188,0,0,0,0,1,1,0,0,0,1,0,1,0,0,0,0,0,0,0,0
Fcgrt,114,NM_010189,1,1,0,0,0,0,0,0,0,0,0,1,1,0,0,0,0,0,0,0
Fdps,115,NM_134469,1,0,1,0,0,0,1,0,0,0,0,1,0,0,0,0,0,0,0,0
Fetub,116,NM_001083905,0,0,1,0,0,0,0,1,0,0,0,0,1,0,0,0,0,1,0,0
Flt1,117,NM_010228,1,0,0,0,0,1,0,0,0,0,0,0,0,1,0,0,0,0,0,1
Folr2,118,NM_008035,0,1,0,0,0,0,0,0,0,0,0,0,1,0,1,0,0,1,0,0
Foxc2,119,NM_013519,0,1,0,0,0,1,0,0,0,0,0,0,0,0,0,0,1,0,1,0
Foxp3,120,NM_001199348,0,0,0,0,0,0,1,1,0,0,0,0,0,0,0,1,1,0,0,0
Fstl1,121,NM_008047,0,0,0,1,0,0,1,1,0,0,0,0,0,0,0,0,0,0,0,1
Fxyd3,122,NM_008557,1,1,0,1,0,0,0,0,0,0,0,0,0,0,0,0,0,0,0,1
G0s2,123,NM_008059,0,0,1,0,1,0,0,0,1,0,0,0,0,1,0,0,0,0,0,0
Gimap5,124,NM_175035,0,0,0,0,0,0,0,0,1,0,1,0,0,0,1,0,0,0,0,1
Gm13889,125,NM_001145034,0,1,0,0,1,0,0,0,0,0,1,0,0,0,1,0,0,0,0,0
Gprin3,126,NM_183183,0,0,0,1,0,0,0,1,0,0,0,0,0,0,1,0,0,1,0,0
Grrp1,127,NM_001099296,0,0,0,0,0,0,0,0,0,0,0,0,1,1,0,0,0,1,0,1
Gzmb,128,NM_013542,0,0,0,1,0,0,0,0,0,1,0,0,1,0,0,0,0,0,0,1
Gzmc,129,NM_010371,0,0,0,0,1,0,0,0,0,0,1,1,0,0,0,0,1,0,0,0
Gzmd,130,NM_010372,0,1,0,1,0,0,0,0,0,1,0,1,0,0,0,0,0,0,0,0
Gzmf,131,NM_010374,0,0,0,0,0,0,0,0,0,0,0,0,0,0,1,1,1,0,1,0
Hells,132,NM_008234,0,0,0,0,0,0,0,1,1,0,0,0,0,0,0,0,0,0,1,1
Higd1a,133,NM_019814,0,1,1,0,0,0,1,0,1,0,0,0,0,0,0,0,0,0,0,0
Higd1b,134,NM_080846,0,0,0,0,0,0,0,0,0,1,0,1,0,0,0,0,0,1,0,1
Hilpda,135,NM_023516,1,0,1,0,0,0,0,0,0,0,0,0,1,0,1,0,0,0,0,0
Hmgb2,136,NM_008252,1,0,0,1,0,0,0,1,0,0,0,0,0,0,0,0,0,0,1,0
Hmmr,137,NM_013552,1,1,0,0,0,0,0,0,0,1,1,0,0,0,0,0,0,0,0,0
Hs3st1,138,NM_010474,0,1,0,0,1,0,0,0,0,0,0,1,0,0,0,1,0,0,0,0
Hspb1,139,NM_013560,0,0,0,1,1,1,0,1,0,0,0,0,0,0,0,0,0,0,0,0
Hspg2,140,NM_008305,0,0,0,0,0,1,1,0,0,0,0,0,0,0,0,0,1,1,0,0
Ifi205,141,NM_172648,0,1,1,0,0,0,0,0,0,1,0,0,0,0,0,0,0,1,0,0
Ifi27l2a,142,NM_029803,0,0,0,0,0,0,1,0,1,0,0,0,1,0,0,0,0,1,0,0
Ifit1,143,NM_008331,0,1,0,0,0,0,1,0,0,1,0,0,0,0,0,0,0,0,1,0
Ifit2,144,NM_008332,1,0,0,0,1,1,0,0,0,0,0,0,1,0,0,0,0,0,0,0
Ifit3,145,NM_010501,0,0,0,1,0,0,0,0,0,0,1,0,1,0,0,0,0,1,0,0
Igfbp5,146,NM_010518,0,0,1,0,0,0,1,1,0,0,0,0,0,0,1,0,0,0,0,0
Il1b,147,NM_008361,0,0,0,0,1,0,0,0,1,0,0,1,1,0,0,0,0,0,0,0
Il2rb,148,NM_008368,0,0,0,0,1,0,0,1,0,0,0,0,0,1,0,0,0,1,0,0
Inhba,149,NM_008380,0,0,0,0,0,1,1,1,0,1,0,0,0,0,0,0,0,0,0,0
Isg15,150,NM_015783,0,0,0,0,1,0,1,0,0,0,0,0,1,0,1,0,0,0,0,0
Itga1,151,NM_001033228,0,1,0,0,0,0,0,0,1,0,0,1,0,0,0,0,0,1,0,0
Itga4,152,NM_010576,1,1,0,0,0,0,0,0,0,0,0,0,0,0,0,1,0,0,1,0
Itgam,153,NM_008401,0,0,0,1,0,1,0,0,0,0,0,0,0,0,0,0,0,0,1,1
Itgax,154,NM_021334,1,0,0,1,0,1,1,0,0,0,0,0,0,0,0,0,0,0,0,0
Kif11,155,NM_010615,0,0,0,0,0,0,0,0,0,0,1,0,0,1,0,1,1,0,0,0
Kif20b,156,NM_183046,0,0,0,0,0,0,1,0,1,0,0,0,0,0,1,0,1,0,0,0
Kif23,157,NM_024245,1,0,1,0,0,0,0,0,0,0,0,0,0,0,0,0,0,0,1,1
Kitl,158,NM_013598,0,0,0,0,0,0,0,1,0,0,1,0,0,0,0,1,0,0,1,0
Krt14,159,NM_016958,0,0,0,0,1,1,0,0,0,0,0,0,0,1,1,0,0,0,0,0
Krt19,160,NM_008471,0,0,1,0,0,0,0,0,0,1,0,0,0,1,0,0,0,0,0,1
Krt5,161,NM_027011,0,0,1,0,0,1,0,0,0,0,0,1,0,0,0,1,0,0,0,0
L1cam,162,NM_008478,0,0,1,0,1,0,0,0,0,0,0,0,0,0,1,0,1,0,0,0
Lamb1,163,NM_008482,1,1,0,0,0,0,1,0,0,0,0,0,0,0,1,0,0,0,0,0
Lbp,164,NM_008489,0,0,0,0,0,0,0,1,0,1,0,0,1,0,0,0,1,0,0,0
Lcn2,165,NM_008491,0,0,0,0,0,0,0,0,1,1,1,0,1,0,0,0,0,0,0,0
Lcp1,166,NM_008879,0,0,0,1,0,0,0,0,0,0,0,0,1,0,1,0,0,0,1,0
Lhfp,167,NM_175386,1,0,0,0,0,0,0,1,0,0,1,0,0,0,0,0,1,0,0,0
Lmnb1,168,NM_010721,0,0,1,0,0,0,0,0,0,0,0,1,0,0,1,0,0,0,0,1
Lrp1,169,NM_008512,0,0,0,0,0,0,0,1,0,0,1,0,1,1,0,0,0,0,0,0
Lsp1,170,NM_001136071,0,0,0,0,0,0,0,0,0,1,1,0,0,0,0,0,0,0,1,1
Ltb,171,NM_008518,0,0,0,0,0,0,1,0,1,0,0,1,0,0,0,1,0,0,0,0
Ly6a,172,NM_001271419,0,0,0,0,0,0,0,1,0,0,0,1,1,0,0,0,0,0,0,1
Mctp1,173,NM_030174,0,0,0,0,0,0,1,0,0,0,0,0,1,1,0,0,0,0,1,0
Mfap5,174,NM_015776,0,0,0,0,0,1,0,0,0,1,0,0,1,1,0,0,0,0,0,0
Mgst1,175,NM_019946,0,0,0,0,0,1,0,0,1,0,1,1,0,0,0,0,0,0,0,0
Mki67,176,NM_001081117,0,0,0,0,0,1,0,0,0,0,0,1,1,0,0,0,0,1,0,0
Mmp12,177,NM_008605,1,0,1,0,0,0,0,0,0,0,0,0,0,0,0,1,1,0,0,0
Mmp2,178,NM_008610,0,0,0,1,0,0,0,0,1,0,0,0,0,0,0,0,0,1,0,1
Mmp9,179,NM_013599,0,0,0,0,1,0,0,0,0,0,0,1,0,1,0,0,0,0,1,0
Mrc1,180,NM_008625,0,0,0,1,0,0,0,0,1,0,0,0,0,1,0,0,0,0,1,0
Ms4a4b,181,NM_021718,0,0,0,0,0,0,0,0,0,0,0,0,0,1,0,0,1,0,1,1
Ms4a4c,182,NM_029499,0,0,0,0,0,0,1,0,0,1,0,1,1,0,0,0,0,0,0,0
Ms4a6c,183,NM_028595,1,0,0,1,0,0,0,0,0,0,1,0,0,0,1,0,0,0,0,0
Ms4a6d,184,NM_026835,0,0,0,0,0,0,0,0,1,0,0,1,0,1,1,0,0,0,0,0
Mt2,185,NM_008630,0,1,0,0,0,0,0,0,0,1,0,0,0,0,0,1,1,0,0,0
Mxi1,186,NM_001008542,0,1,0,0,0,0,0,1,0,0,0,0,0,0,1,0,1,0,0,0
Napsa,187,NM_008437,0,0,0,0,0,0,0,0,1,0,1,0,0,0,0,0,1,0,1,0
Ndufa4l2,188,NM_001098789,0,0,0,0,0,1,0,1,0,0,1,0,0,0,1,0,0,0,0,0
Nes,189,NM_016701,0,0,0,1,1,0,0,0,0,1,0,0,0,0,0,0,0,1,0,0
Neurl3,190,NM_153408,0,0,0,0,0,0,0,0,0,0,0,1,0,0,0,1,0,0,1,1
Nkg7,191,NM_024253,0,0,1,0,0,0,0,0,0,0,1,0,0,0,1,1,0,0,0,0
Nos2,192,NM_010927,0,0,1,0,0,1,1,0,0,0,0,0,0,0,0,0,0,0,1,0
Nr4a2,193,NM_001139509,1,0,0,0,0,0,0,1,0,1,0,0,0,0,1,0,0,0,0,0
Nrp1,194,NM_008737,0,1,0,0,0,1,0,0,0,0,0,0,1,0,0,1,0,0,0,0
Nusap1,195,NM_133851,0,0,0,0,1,0,0,0,0,0,0,0,1,0,0,0,1,1,0,0
Pcna,196,NM_011045,0,0,0,0,0,0,0,0,0,0,1,1,0,0,0,1,0,1,0,0
Pdgfrb,197,NM_008809,0,0,0,1,1,0,0,0,0,0,0,0,1,1,0,0,0,0,0,0
Pdpn,198,NM_010329,0,0,0,0,0,0,0,0,0,1,0,1,0,0,1,0,0,0,1,0
Pecam1,199,NM_001032378,0,0,1,0,0,0,0,0,1,0,0,0,1,0,0,0,0,0,0,1
Pf4,200,NM_019932,0,0,0,0,0,1,0,0,1,0,0,0,0,0,1,0,0,0,1,0
Pim1,201,NM_008842,1,1,1,0,1,0,0,0,0,0,0,0,0,0,0,0,0,0,0,0
Pkib,202,NM_001039051,0,0,1,0,0,0,0,0,1,0,0,0,0,0,0,1,0,1,0,0
Plac8,203,NM_139198,0,1,0,0,1,0,1,1,0,0,0,0,0,0,0,0,0,0,0,0
Plaur,204,NM_011113,0,0,0,0,0,0,0,0,0,0,0,0,1,1,1,0,1,0,0,0
Plscr2,205,NM_008880,0,1,0,0,0,0,0,0,1,0,0,0,1,0,0,0,0,0,1,0
Plvap,206,NM_032398,0,0,0,0,0,1,0,0,0,1,0,0,0,0,0,0,1,0,0,1
Ppp1r14a,207,NM_026731,0,0,0,0,0,0,0,1,0,1,0,0,0,1,0,0,0,0,1,0
Pros1,208,NM_011173,0,0,1,1,1,0,1,0,0,0,0,0,0,0,0,0,0,0,0,0
Ptn,209,NM_008973,0,0,1,0,0,0,0,0,0,0,0,0,0,1,0,1,0,0,1,0
Ptpn18,210,NM_011206,1,0,0,0,0,0,0,1,0,0,0,1,0,0,0,0,0,1,0,0
Ptprc,211,NM_011210,1,1,0,0,0,0,0,0,0,0,0,0,0,1,0,0,0,1,0,0
Pttg1,212,NM_001131054,1,0,0,0,0,0,0,0,0,0,1,1,0,0,0,0,0,0,0,1
Rac2,213,NM_009008,0,0,0,0,0,1,0,0,0,1,0,0,0,0,0,1,0,0,1,0
Ramp2,214,NM_019444,1,0,0,0,0,0,0,0,0,1,0,1,0,0,0,1,0,0,0,0
Rarres2,215,NM_027852,1,0,0,0,0,0,0,0,1,1,0,0,0,0,0,0,0,0,0,1
Rbp1,216,NM_011254,0,0,0,0,0,1,0,1,0,0,0,1,0,0,0,0,1,0,0,0
Rel,217,NM_009044,0,0,0,1,0,0,1,0,0,0,0,0,0,0,0,1,0,0,1,0
Retnlg,218,NM_181596,0,0,0,0,0,1,1,0,0,0,0,1,0,0,0,0,0,0,0,1
Rgs5,219,NM_009063,0,0,0,1,0,0,0,1,0,0,0,0,0,1,0,0,1,0,0,0
Rrm2,220,NM_009104,1,1,0,0,0,1,0,1,0,0,0,0,0,0,0,0,0,0,0,0
Rsad2,221,NM_021384,0,0,1,0,0,1,0,0,0,0,0,0,1,0,0,0,1,0,0,0
S100a8,222,NM_013650,0,0,0,0,0,1,0,1,0,0,0,0,0,0,0,0,0,1,0,1
S100a9,223,NM_001281852,0,0,0,0,1,1,0,0,0,0,0,0,0,0,0,1,1,0,0,0
Saa3,224,NM_011315,0,0,1,1,0,0,0,0,1,0,0,0,0,0,0,0,1,0,0,0
Samsn1,225,NM_023380,0,0,1,0,1,0,0,0,0,1,0,0,0,0,0,1,0,0,0,0
Serpinb6b,226,NM_011454,1,0,0,0,0,0,0,0,0,1,0,0,1,0,0,0,0,1,0,0
Serpine2,227,NM_009255,0,0,1,0,0,0,0,1,0,0,1,0,0,0,0,0,0,0,0,1
Serpinf1,228,NM_011340,1,0,0,0,1,0,0,0,0,0,0,0,0,0,0,1,0,1,0,0
Skap1,229,NM_001177899,0,0,1,0,0,0,1,0,0,1,1,0,0,0,0,0,0,0,0,0
Slc2a1,230,NM_011400,0,0,0,0,0,0,0,0,0,0,0,1,1,0,0,0,1,0,1,0
Slc4a4,231,NM_018760,0,1,1,0,0,0,0,1,0,0,0,0,0,0,0,1,0,0,0,0
Slc9b2,232,NM_178877,0,0,0,0,0,0,0,0,0,1,0,0,0,1,0,0,1,1,0,0
Smc2,233,NM_001301412,0,0,0,0,0,1,0,1,0,0,0,0,0,1,0,1,0,0,0,0
Smc4,234,NM_133786,0,0,0,0,0,0,0,1,1,1,0,1,0,0,0,0,0,0,0,0
Smox,235,NM_145533,0,0,0,0,1,0,0,0,0,0,1,0,0,0,0,0,0,1,0,1
Snai1,236,NM_011427,1,0,0,0,0,0,0,0,0,0,0,1,0,1,0,0,1,0,0,0
Snai2,237,NM_011415,0,0,1,0,0,0,0,0,0,0,1,0,0,0,0,0,1,1,0,0
Sorl1,238,NM_011436,0,0,0,0,0,0,0,0,0,0,0,0,0,1,1,1,0,1,0,0
Sparcl1,239,NM_010097,0,0,0,1,0,0,1,0,0,0,0,0,1,0,0,0,1,0,0,0
Srgn,240,NM_011157,0,0,1,0,0,1,0,0,0,0,0,0,0,0,1,0,0,1,0,0
Sulf2,241,NM_028072,0,1,0,0,0,0,1,0,0,0,0,1,0,0,0,0,1,0,0,0
Syngr1,242,NM_009303,0,0,0,1,0,1,0,0,0,0,1,0,0,0,0,0,1,0,0,0
Syngr2,243,NM_009304,0,1,0,0,0,0,0,1,1,0,0,0,0,1,0,0,0,0,0,0
Tacc3,244,NM_001040435,0,0,0,0,0,0,0,0,0,0,1,1,1,0,1,0,0,0,0,0
Tagln,245,NM_011526,1,0,0,0,1,0,0,0,0,0,0,1,0,0,1,0,0,0,0,0
Tbc1d4,246,NM_001081278,0,0,0,0,0,0,0,0,0,0,0,0,0,0,0,1,1,1,0,1
Tek,247,NM_001290549,0,0,0,0,0,1,0,1,0,0,0,0,1,0,0,0,0,0,1,0
Thbs1,248,NM_011580,0,0,0,1,0,0,0,0,0,1,1,0,0,0,0,1,0,0,0,0
Thy1,249,NM_009382,0,0,0,1,1,0,0,0,0,0,0,1,0,0,0,0,0,0,0,1
Tie1,250,NM_011587,0,1,0,0,0,0,0,1,0,0,1,0,0,0,0,0,0,1,0,0
Tmem8,251,NM_021793,0,0,0,1,0,0,0,0,0,1,0,0,0,0,0,0,1,0,1,0
Tnfrsf18,252,NM_009400,0,1,0,0,1,1,0,0,0,0,0,0,0,0,0,0,0,1,0,0
Tnfrsf4,253,NM_011659,0,0,1,0,1,1,0,0,0,0,0,0,0,0,0,0,0,0,0,1
Tnfrsf9,254,NM_001077509,1,0,0,1,0,0,0,0,1,0,0,1,0,0,0,0,0,0,0,0
Top2a,255,NM_011623,1,0,0,1,1,0,0,0,0,0,0,0,0,0,0,0,1,0,0,0
Tpm2,256,NM_001277876,0,1,0,0,1,0,0,0,1,0,0,0,0,0,0,0,0,0,0,1
Tpx2,257,NM_001141978,0,1,0,0,0,1,1,0,0,0,0,0,0,1,0,0,0,0,0,0
Traf1,258,NM_009421,0,0,0,0,0,0,1,0,0,0,1,1,0,0,0,0,0,0,1,0
Tubb4b,259,NM_146116,0,0,0,0,0,1,0,0,0,0,0,0,1,0,1,0,0,0,0,1
Twist1,260,NM_011658,0,0,0,1,0,1,0,0,0,0,0,1,0,1,0,0,0,0,0,0
Tyms,261,NM_021288,0,0,0,1,0,1,0,0,1,0,0,0,1,0,0,0,0,0,0,0
Tyrobp,262,NM_011662,0,0,0,1,0,0,0,0,0,0,0,1,0,0,0,0,0,1,1,0
Ube2c,263,NM_026785,0,0,0,0,0,0,1,0,1,0,0,0,0,1,0,0,0,0,0,1
Vcam1,264,NM_011693,0,0,1,0,0,0,1,0,0,0,0,0,0,1,0,0,1,0,0,0
Vegfa,265,NM_001287057,0,1,0,0,0,0,0,0,0,0,0,0,0,0,0,0,0,1,1,1
Wfdc17,266,NM_001081957,0,0,0,0,0,0,1,0,0,0,1,0,0,1,1,0,0,0,0,0
Wfdc18,267,NM_007969,0,0,0,0,0,0,0,0,1,0,1,0,0,1,0,0,0,1,0,0
Wfdc21,268,NM_183249,0,0,1,0,1,0,0,0,0,0,1,0,1,0,0,0,0,0,0,0
Xist,269,NR_001463,0,1,0,1,0,0,1,0,0,0,1,0,0,0,0,0,0,0,0,0
Blank-01,-1,nan,1,0,0,0,0,0,0,0,1,0,0,0,0,0,1,1,0,0,0,0
Blank-02,-1,nan,0,1,0,0,0,1,0,0,0,0,1,0,0,0,0,0,0,0,0,1
Blank-03,-1,nan,1,0,0,0,0,1,0,0,1,0,0,0,0,0,0,0,0,1,0,0
Blank-04,-1,nan,0,0,0,0,0,0,0,0,1,0,0,0,1,0,0,1,1,0,0,0
Blank-05,-1,nan,0,0,0,0,1,0,1,0,0,1,0,0,0,1,0,0,0,0,0,0
Blank-06,-1,nan,1,0,0,0,0,0,0,0,0,0,0,0,0,0,0,0,1,1,1,0
Blank-07,-1,nan,0,1,0,0,0,0,1,0,0,0,0,0,1,0,0,0,0,0,0,1
Blank-08,-1,nan,1,0,0,0,1,0,0,0,0,0,1,0,0,1,0,0,0,0,0,0
Blank-09,-1,nan,0,0,0,0,0,0,0,1,0,1,0,0,0,0,0,1,0,1,0,0
Blank-10,-1,nan,0,1,0,0,0,0,0,0,0,0,0,0,0,0,1,1,0,0,0,1
Blank-11,-1,nan,0,0,0,0,0,0,0,0,0,0,1,0,1,0,0,1,0,0,0,1
Blank-12,-1,nan,0,1,0,0,0,0,0,1,0,1,0,0,0,0,0,0,0,0,0,1
Blank-13,-1,nan,0,0,0,1,0,0,0,0,0,0,0,1,0,0,0,1,1,0,0,0
Blank-14,-1,nan,0,0,0,0,1,0,0,1,0,0,0,0,1,0,0,1,0,0,0,0
Blank-15,-1,nan,1,0,0,0,0,0,0,0,0,0,0,0,0,0,1,0,0,1,0,1
